diseases,medicine_1,medicine_2,medicine_3,side_effects
panic disorder,sertraline,paroxetine,alprazolam,"nausea, insomnia, diarrhea, dry mouth, sexual dysfunction, nausea, drowsiness, weight gain, sweating, sexual dysfunction, drowsiness, dizziness, dependence, memory problems, fatigue"
vocal cord polyp,corticosteroids (inhaled),omeprazole (for reflux),,"oral thrush, hoarseness, adrenal suppression, headache, diarrhea, nausea, abdominal pain"
turner syndrome,estrogen replacement therapy,growth hormone,,"nausea, breast tenderness, bloating, blood clots risk, joint pain, fluid retention, headache, insulin resistance"
cryptorchidism,human chorionic gonadotropin (hCG),leuprolide,,"headache, fatigue, mood swings, injection site pain, hot flashes, decreased libido, osteoporosis, injection site pain"
poisoning due to ethylene glycol,fomepizole,ethanol,,"nausea, headache, dizziness, injection site pain, sedation, nausea, respiratory depression"
atrophic vaginitis,topical estrogen (estradiol cream),ospemifene,,"breast tenderness, vaginal discharge, headache, hot flashes, vaginal discharge, muscle spasm"
fracture of the hand,ibuprofen,acetaminophen,calcium supplements,"stomach pain, nausea, GI bleeding, kidney issues, hypertension, liver damage (overdose), nausea, rash, constipation, bloating, kidney stones, hypercalcemia"
cellulitis or abscess of mouth,amoxicillin-clavulanate,clindamycin,metronidazole,"diarrhea, nausea, rash, yeast infection, diarrhea, C. diff colitis, nausea, rash, metallic taste, nausea, headache, dizziness"
eye alignment disorder,botulinum toxin,atropine drops,,"injection site pain, weakness, flu-like symptoms, ptosis, blurred vision, dry mouth, photophobia, tachycardia"
headache after lumbar puncture,caffeine,ibuprofen,acetaminophen,"insomnia, anxiety, palpitations, increased blood pressure, stomach pain, nausea, GI bleeding, kidney issues, hypertension, liver damage (overdose), nausea, rash"
pyloric stenosis,atropine,IV fluids (pre-surgical),,"dry mouth, tachycardia, urinary retention, blurred vision, fluid overload, electrolyte imbalance, phlebitis"
salivary gland disorder,pilocarpine,cevimeline,amoxicillin (if infected),"sweating, nausea, flushing, urinary frequency, sweating, nausea, diarrhea, excessive salivation, diarrhea, nausea, rash, allergic reaction"
osteochondrosis,ibuprofen,naproxen,bisphosphonates,"stomach pain, nausea, GI bleeding, kidney issues, hypertension, GI upset, stomach ulcers, kidney effects, hypertension, esophageal irritation, jaw necrosis, atypical fractures, bone pain"
injury to the knee,ibuprofen,naproxen,acetaminophen,"stomach pain, nausea, GI bleeding, kidney issues, hypertension, GI upset, stomach ulcers, kidney effects, hypertension, liver damage (overdose), nausea, rash"
metabolic disorder,metformin,enzyme replacement therapy (varies by type),,"nausea, diarrhea, lactic acidosis (rare), vitamin B12 deficiency, generally well tolerated, minimal systemic side effects"
vaginitis,metronidazole,clindamycin,fluconazole,"metallic taste, nausea, headache, dizziness, diarrhea, C. diff colitis, nausea, rash, nausea, headache, liver toxicity, QT prolongation"
sick sinus syndrome,atropine,isoproterenol,,"dry mouth, tachycardia, urinary retention, blurred vision, tachycardia, arrhythmia, angina, tremor"
tinnitus of unknown cause,alprazolam,nortriptyline,melatonin,"drowsiness, dizziness, dependence, memory problems, fatigue, dry mouth, constipation, urinary retention, sedation, drowsiness, headache, dizziness, nausea"
glaucoma,timolol,latanoprost,dorzolamide,"bradycardia, bronchospasm, fatigue, depression, iris color change, eyelash growth, eye irritation, stinging, bitter taste, corneal edema"
eating disorder,fluoxetine,olanzapine,lisdexamfetamine (binge eating),"insomnia, nausea, anxiety, sexual dysfunction, headache, weight gain, sedation, metabolic syndrome, hyperglycemia, consult prescriber for side effects"
transient ischemic attack,aspirin,clopidogrel,atorvastatin,"GI bleeding, stomach upset, tinnitus, bruising, bleeding, bruising, GI upset, rash, muscle pain, liver enzyme elevation, headache, nausea"
pyelonephritis,ciprofloxacin,trimethoprim-sulfamethoxazole,ceftriaxone,"tendon rupture, nausea, diarrhea, QT prolongation, photosensitivity, rash, Stevens-Johnson risk, kidney toxicity, hyperkalemia, diarrhea, rash, injection site pain, C. diff risk"
rotator cuff injury,ibuprofen,naproxen,corticosteroid injection,"stomach pain, nausea, GI bleeding, kidney issues, hypertension, GI upset, stomach ulcers, kidney effects, hypertension, local atrophy, pain flare, infection risk, skin depigmentation"
chronic pain disorder,gabapentin,duloxetine,tramadol,"drowsiness, dizziness, weight gain, edema, ataxia, nausea, dry mouth, insomnia, dizziness, sweating, nausea, dizziness, constipation, seizure risk, dependence"
problem during pregnancy,progesterone,magnesium sulfate,labetalol,"drowsiness, dizziness, breast tenderness, bloating, flushing, nausea, respiratory depression, loss of reflexes, fatigue, dizziness, bradycardia, hypotension"
liver cancer,sorafenib,lenvatinib,atezolizumab,"hand-foot syndrome, hypertension, diarrhea, rash, fatigue, hypertension, diarrhea, fatigue, liver toxicity, consult prescriber for side effects"
atelectasis,albuterol,acetylcysteine,,"tremor, tachycardia, headache, hypokalemia, nausea, vomiting, flushing, anaphylactoid reaction"
injury to the hand,ibuprofen,acetaminophen,opioids (severe),"stomach pain, nausea, GI bleeding, kidney issues, hypertension, liver damage (overdose), nausea, rash, consult prescriber for side effects"
choledocholithiasis,ursodeoxycholic acid,antibiotics (if infected),,"diarrhea, nausea, hepatic decompensation (cirrhosis), consult prescriber for side effects"
injury to the hip,ibuprofen,acetaminophen,opioids (severe),"stomach pain, nausea, GI bleeding, kidney issues, hypertension, liver damage (overdose), nausea, rash, consult prescriber for side effects"
cirrhosis,furosemide,spironolactone,propranolol,"electrolyte imbalance, dehydration, low potassium, dizziness, hyperkalemia, breast tenderness, dizziness, menstrual irregularity, fatigue, bradycardia, cold extremities, bronchospasm"
thoracic aortic aneurysm,metoprolol,losartan,,"fatigue, bradycardia, dizziness, cold extremities, hyperkalemia, dizziness, hypotension, kidney function changes"
subdural hemorrhage,mannitol,dexamethasone,tranexamic acid,"electrolyte imbalance, fluid shifts, renal failure (high doses), hyperglycemia, insomnia, weight gain, immunosuppression, nausea, diarrhea, headache, thrombosis risk"
diabetic retinopathy,ranibizumab,bevacizumab,laser photocoagulation,"consult prescriber for side effects, consult prescriber for side effects, consult prescriber for side effects"
fibromyalgia,duloxetine,pregabalin,milnacipran,"nausea, dry mouth, insomnia, dizziness, sweating, drowsiness, dizziness, weight gain, blurred vision, nausea, headache, hypertension, sweating"
ischemia of the bowel,heparin,papaverine,broad-spectrum antibiotics,"bleeding, HIT, injection site reactions, osteoporosis, flushing, nausea, hypotension, liver toxicity, consult prescriber for side effects"
fetal alcohol syndrome,methylphenidate (for ADHD symptoms),supportive care,,"insomnia, decreased appetite, tachycardia, anxiety, no significant side effects"
peritonitis,cefoxitin,metronidazole,piperacillin-tazobactam,"diarrhea, rash, C. diff risk, injection site reactions, metallic taste, nausea, headache, dizziness, diarrhea, rash, liver enzyme elevation, C. diff risk"
injury to the abdomen,morphine,ibuprofen,IV fluids,"constipation, nausea, sedation, respiratory depression, dependence, stomach pain, nausea, GI bleeding, kidney issues, hypertension, fluid overload, electrolyte imbalance, phlebitis"
acute pancreatitis,IV fluids,meperidine,morphine (pain control),"fluid overload, electrolyte imbalance, phlebitis, nausea, constipation, sedation, seizure risk, dependence, constipation, nausea, sedation, respiratory depression, dependence"
thrombophlebitis,heparin,warfarin,enoxaparin,"bleeding, HIT, injection site reactions, osteoporosis, bleeding, bruising, hair loss, skin necrosis, bleeding, injection site bruising, HIT (rare), thrombocytopenia"
asthma,albuterol,fluticasone,montelukast,"tremor, tachycardia, headache, hypokalemia, oral thrush, hoarseness, adrenal suppression, neuropsychiatric effects, headache, abdominal pain"
foreign body in the vagina,removal procedure,antibiotics if infected,,"post-operative pain, infection risk, bleeding, anesthesia risks, consult prescriber for side effects"
restless leg syndrome,pramipexole,ropinirole,gabapentin,"nausea, drowsiness, hallucinations, impulse control disorders, nausea, drowsiness, hallucinations, impulse control disorders, drowsiness, dizziness, weight gain, edema, ataxia"
emphysema,tiotropium,salmeterol,N-acetylcysteine,"dry mouth, urinary retention, constipation, blurred vision, tremor, tachycardia, headache, hypokalemia, nausea, vomiting, flushing, anaphylactoid reaction"
cysticercosis,albendazole,praziquantel,dexamethasone,"nausea, liver toxicity, bone marrow suppression, abdominal pain, nausea, dizziness, headache, hyperglycemia, insomnia, weight gain, immunosuppression"
induced abortion,mifepristone,misoprostol,,"cramping, nausea, bleeding, infection risk, diarrhea, cramping, nausea, shivering"
teething syndrome,acetaminophen,ibuprofen,benzocaine gel,"liver damage (overdose), nausea, rash, stomach pain, nausea, GI bleeding, kidney issues, hypertension, methemoglobinemia risk, allergic reaction, local numbness"
infectious gastroenteritis,oral rehydration salts,loperamide,azithromycin,"nausea, vomiting (rare), generally well tolerated, constipation, abdominal cramping, dizziness, nausea, diarrhea, abdominal pain, QT prolongation"
acute sinusitis,amoxicillin,amoxicillin-clavulanate,nasal corticosteroids,"diarrhea, nausea, rash, allergic reaction, diarrhea, nausea, rash, yeast infection, hyperglycemia, weight gain, osteoporosis, immunosuppression"
substance-related mental disorder,naltrexone,buprenorphine,methadone,"nausea, abdominal pain, hepatotoxicity, insomnia, nausea, constipation, headache, sweating, dependence, constipation, sweating, QT prolongation, sedation, dependence"
postpartum depression,sertraline,paroxetine,escitalopram,"nausea, insomnia, diarrhea, dry mouth, sexual dysfunction, nausea, drowsiness, weight gain, sweating, sexual dysfunction, nausea, insomnia, sexual dysfunction, headache"
coronary atherosclerosis,atorvastatin,aspirin,clopidogrel,"muscle pain, liver enzyme elevation, headache, nausea, GI bleeding, stomach upset, tinnitus, bruising, bleeding, bruising, GI upset, rash"
spondylitis,naproxen,indomethacin,adalimumab,"GI upset, stomach ulcers, kidney effects, hypertension, GI bleeding, kidney toxicity, headache, dizziness, injection site reactions, infection risk, TB reactivation, lymphoma risk"
pituitary adenoma,bromocriptine,cabergoline,octreotide,"nausea, orthostatic hypotension, headache, hallucinations, nausea, dizziness, headache, cardiac valve fibrosis, GI upset, gallstones, bradycardia, hyperglycemia"
uterine fibroids,leuprolide,ulipristal acetate,tranexamic acid,"hot flashes, decreased libido, osteoporosis, injection site pain, headache, nausea, abdominal pain, dysmenorrhea, nausea, diarrhea, headache, thrombosis risk"
idiopathic nonmenstrual bleeding,tranexamic acid,NSAIDs,hormonal therapy,"nausea, diarrhea, headache, thrombosis risk, consult prescriber for side effects, generally well tolerated, minimal systemic side effects"
chalazion,warm compresses,triamcinolone injection,,"consult prescriber for side effects, skin atrophy, hypopigmentation, adrenal suppression"
ovarian torsion,opioids (pain management),surgical intervention,,"generally well tolerated, minimal systemic side effects, post-operative pain, infection risk, bleeding, anesthesia risks"
retinopathy due to high blood pressure,amlodipine,lisinopril,antihypertensives,"edema, flushing, headache, dizziness, cough, hyperkalemia, hypotension, angioedema, consult prescriber for side effects"
vaginal yeast infection,fluconazole,clotrimazole,miconazole,"nausea, headache, liver toxicity, QT prolongation, skin irritation, burning, rash (topical), skin irritation, burning, itching (topical)"
mastoiditis,amoxicillin-clavulanate,ceftriaxone,ciprofloxacin,"diarrhea, nausea, rash, yeast infection, diarrhea, rash, injection site pain, C. diff risk, tendon rupture, nausea, diarrhea, QT prolongation, photosensitivity"
lung contusion,morphine,ibuprofen,oxygen therapy,"constipation, nausea, sedation, respiratory depression, dependence, stomach pain, nausea, GI bleeding, kidney issues, hypertension, oxygen toxicity (high concentration), dry mucous membranes"
hypertrophic obstructive cardiomyopathy (hocm),metoprolol,verapamil,disopyramide,"fatigue, bradycardia, dizziness, cold extremities, constipation, bradycardia, hypotension, edema, anticholinergic effects, proarrhythmia, heart failure worsening"
ingrown toe nail,ibuprofen,antibiotics (if infected),,"stomach pain, nausea, GI bleeding, kidney issues, hypertension, consult prescriber for side effects"
pulmonary eosinophilia,prednisone,mepolizumab,,"weight gain, hyperglycemia, osteoporosis, insomnia, mood changes, consult prescriber for side effects"
corneal disorder,lubricating eye drops,antibiotic eye drops,corticosteroid drops,"consult prescriber for side effects, consult prescriber for side effects, consult prescriber for side effects"
foreign body in the gastrointestinal tract,removal procedure,supportive care,,"post-operative pain, infection risk, bleeding, anesthesia risks, no significant side effects"
endophthalmitis,vancomycin (intravitreal),ceftazidime,voriconazole,"red man syndrome, kidney toxicity, ototoxicity, phlebitis, consult prescriber for side effects, visual disturbances, liver toxicity, photosensitivity, hallucinations"
intestinal malabsorption,enzyme supplements,vitamin D,calcium supplements,"generally well tolerated, minimal systemic side effects, hypercalcemia (overdose), nausea, constipation, constipation, bloating, kidney stones, hypercalcemia"
viral warts,salicylic acid,imiquimod,podophyllin,"consult prescriber for side effects, skin reactions, erythema, erosion, flu-like symptoms, local irritation, systemic toxicity (if absorbed), nausea"
hyperhidrosis,aluminum chloride,glycopyrrolate,oxybutynin,"skin irritation, stinging, contact dermatitis, dry mouth, urinary retention, constipation, blurred vision, dry mouth, constipation, blurred vision, urinary retention"
stroke,alteplase (tPA),aspirin,clopidogrel,"bleeding, intracranial hemorrhage, allergic reactions, GI bleeding, stomach upset, tinnitus, bruising, bleeding, bruising, GI upset, rash"
pilonidal cyst,metronidazole,clindamycin (if infected),,"metallic taste, nausea, headache, dizziness, diarrhea, C. diff colitis, nausea, rash"
crushing injury,morphine,IV fluids,sodium bicarbonate,"constipation, nausea, sedation, respiratory depression, dependence, fluid overload, electrolyte imbalance, phlebitis, alkalosis, fluid overload, hypokalemia"
normal pressure hydrocephalus,carbonic anhydrase inhibitors,shunt therapy,,"consult prescriber for side effects, generally well tolerated, minimal systemic side effects"
alopecia,minoxidil,finasteride,corticosteroids,"hair growth (topical), fluid retention, tachycardia (oral), sexual dysfunction, decreased libido, breast tenderness, hyperglycemia, weight gain, osteoporosis, immunosuppression"
hashimoto thyroiditis,levothyroxine,,,"palpitations, insomnia, weight loss, anxiety (if overdosed)"
flat feet,ibuprofen,orthotics (supportive),,"stomach pain, nausea, GI bleeding, kidney issues, hypertension, generally well tolerated, minimal systemic side effects"
nonalcoholic liver disease (nash),vitamin E,pioglitazone,liraglutide,"nausea, diarrhea, bleeding risk (high doses), fluid retention, weight gain, fracture risk, bladder cancer risk, nausea, diarrhea, vomiting, pancreatitis risk"
hemarthrosis,factor VIII or IX replacement,tranexamic acid,,"consult prescriber for side effects, nausea, diarrhea, headache, thrombosis risk"
pelvic organ prolapse,estrogen cream,pessary devices,,"breast tenderness, vaginal discharge, headache, nausea, consult prescriber for side effects"
fracture of the arm,ibuprofen,acetaminophen,opioids (severe),"stomach pain, nausea, GI bleeding, kidney issues, hypertension, liver damage (overdose), nausea, rash, consult prescriber for side effects"
coagulation (bleeding) disorder,factor replacement,tranexamic acid,vitamin K,"consult prescriber for side effects, nausea, diarrhea, headache, thrombosis risk, consult prescriber for side effects"
intracranial hemorrhage,mannitol,nimodipine,vitamin K,"electrolyte imbalance, fluid shifts, renal failure (high doses), hypotension, headache, flushing, nausea, consult prescriber for side effects"
hyperkalemia,calcium gluconate,sodium bicarbonate,kayexalate,"bradycardia, hypercalcemia, constipation, alkalosis, fluid overload, hypokalemia, GI obstruction, nausea, hypokalemia, sodium retention"
cornea infection,ciprofloxacin eye drops,tobramycin,natamycin (antifungal),"tendon rupture, nausea, diarrhea, QT prolongation, photosensitivity, nephrotoxicity, ototoxicity, injection site reactions, eye irritation, blurred vision, stinging"
abscess of the lung,amoxicillin-clavulanate,clindamycin,metronidazole,"diarrhea, nausea, rash, yeast infection, diarrhea, C. diff colitis, nausea, rash, metallic taste, nausea, headache, dizziness"
dengue fever,acetaminophen,IV fluids (no NSAIDs),,"liver damage (overdose), nausea, rash, fluid overload, electrolyte imbalance, phlebitis"
chronic sinusitis,fluticasone nasal spray,amoxicillin,saline irrigation,"oral thrush, hoarseness, adrenal suppression, diarrhea, nausea, rash, allergic reaction, mild nasal irritation, sneezing, generally well tolerated"
cholesteatoma,ciprofloxacin drops (antibiotics),surgical removal,,"tendon rupture, nausea, diarrhea, QT prolongation, photosensitivity, post-operative pain, infection risk, bleeding, anesthesia risks"
volvulus,IV fluids,surgical intervention,,"fluid overload, electrolyte imbalance, phlebitis, post-operative pain, infection risk, bleeding, anesthesia risks"
injury to the finger,ibuprofen,acetaminophen,splinting,"stomach pain, nausea, GI bleeding, kidney issues, hypertension, liver damage (overdose), nausea, rash, generally well tolerated, minimal systemic side effects"
poisoning due to analgesics,N-acetylcysteine,naloxone,,"nausea, vomiting, flushing, anaphylactoid reaction, opioid withdrawal symptoms, agitation, tachycardia"
atrial fibrillation,warfarin,apixaban,metoprolol,"bleeding, bruising, hair loss, skin necrosis, bleeding, nausea, anemia, fatigue, bradycardia, dizziness, cold extremities"
pinworm infection,mebendazole,albendazole,pyrantel pamoate,"nausea, abdominal pain, diarrhea, nausea, liver toxicity, bone marrow suppression, nausea, abdominal cramps, diarrhea, headache"
urethral valves,tamsulosin,surgical intervention,,"retrograde ejaculation, dizziness, orthostatic hypotension, post-operative pain, infection risk, bleeding, anesthesia risks"
open wound of the neck,cephalexin,amoxicillin-clavulanate,wound care,"diarrhea, nausea, rash, C. diff risk, diarrhea, nausea, rash, yeast infection, generally well tolerated, minimal systemic side effects"
achalasia,nifedipine,botulinum toxin,,"flushing, edema, headache, reflex tachycardia, injection site pain, weakness, flu-like symptoms, ptosis"
conductive hearing loss,amoxicillin (if otitis media),hearing aids,,"diarrhea, nausea, rash, allergic reaction, generally well tolerated, minimal systemic side effects"
abdominal hernia,pain management,surgical repair,,"generally well tolerated, minimal systemic side effects, post-operative pain, infection risk, bleeding, anesthesia risks"
cerebral palsy,baclofen,diazepam,botulinum toxin,"drowsiness, dizziness, weakness, fatigue, drowsiness, dizziness, dependence, memory issues, injection site pain, weakness, flu-like symptoms, ptosis"
marijuana abuse,naltrexone,N-acetylcysteine,counseling,"nausea, abdominal pain, hepatotoxicity, insomnia, nausea, vomiting, flushing, anaphylactoid reaction, generally well tolerated, minimal systemic side effects"
cryptococcosis,amphotericin B,fluconazole,,"nephrotoxicity, infusion reactions, electrolyte imbalance, fever, nausea, headache, liver toxicity, QT prolongation"
obesity,orlistat,liraglutide,phentermine-topiramate,"steatorrhea, oily spotting, fecal urgency, fat-soluble vitamin loss, nausea, diarrhea, vomiting, pancreatitis risk, insomnia, dry mouth, kidney stones, cognitive impairment"
indigestion,omeprazole,antacids,ranitidine,"headache, diarrhea, nausea, abdominal pain, low magnesium, consult prescriber for side effects, headache, dizziness, constipation, diarrhea"
bursitis,ibuprofen,naproxen,corticosteroid injection,"stomach pain, nausea, GI bleeding, kidney issues, hypertension, GI upset, stomach ulcers, kidney effects, hypertension, local atrophy, pain flare, infection risk, skin depigmentation"
esophageal cancer,cisplatin,fluorouracil,paclitaxel,"nephrotoxicity, nausea, ototoxicity, neuropathy, mucositis, diarrhea, hand-foot syndrome, bone marrow suppression, neuropathy, alopecia, bone marrow suppression, hypersensitivity"
pulmonary congestion,furosemide,morphine,nitroglycerin,"electrolyte imbalance, dehydration, low potassium, dizziness, constipation, nausea, sedation, respiratory depression, dependence, headache, hypotension, flushing, dizziness"
juvenile rheumatoid arthritis,naproxen,methotrexate,etanercept,"GI upset, stomach ulcers, kidney effects, hypertension, nausea, liver toxicity, mouth sores, bone marrow suppression, injection site reactions, infection risk, TB reactivation"
actinic keratosis,fluorouracil cream,imiquimod,diclofenac gel,"mucositis, diarrhea, hand-foot syndrome, bone marrow suppression, skin reactions, erythema, erosion, flu-like symptoms, GI upset, liver toxicity, cardiovascular risk, kidney effects"
acute otitis media,amoxicillin,amoxicillin-clavulanate,,"diarrhea, nausea, rash, allergic reaction, diarrhea, nausea, rash, yeast infection"
astigmatism,corrective lenses,no medication required,,"generally well tolerated, minimal systemic side effects, not applicable"
tuberous sclerosis,everolimus,vigabatrin (for seizures),,"consult prescriber for side effects, visual field defects (permanent), drowsiness, weight gain"
empyema,ceftriaxone,metronidazole,chest drainage,"diarrhea, rash, injection site pain, C. diff risk, metallic taste, nausea, headache, dizziness, generally well tolerated, minimal systemic side effects"
presbyacusis,no medications,hearing aids,,"not applicable, generally well tolerated, minimal systemic side effects"
neonatal jaundice,phototherapy,IV immunoglobulin (if hemolytic),,"generally well tolerated, minimal systemic side effects, consult prescriber for side effects"
chronic obstructive pulmonary disease (copd),tiotropium,salmeterol,fluticasone,"dry mouth, urinary retention, constipation, blurred vision, tremor, tachycardia, headache, hypokalemia, oral thrush, hoarseness, adrenal suppression"
dislocation of the elbow,ibuprofen,acetaminophen,reduction procedure,"stomach pain, nausea, GI bleeding, kidney issues, hypertension, liver damage (overdose), nausea, rash, post-operative pain, infection risk, bleeding, anesthesia risks"
spondylosis,ibuprofen,naproxen,duloxetine,"stomach pain, nausea, GI bleeding, kidney issues, hypertension, GI upset, stomach ulcers, kidney effects, hypertension, nausea, dry mouth, insomnia, dizziness, sweating"
herpangina,acetaminophen,ibuprofen (supportive),,"liver damage (overdose), nausea, rash, stomach pain, nausea, GI bleeding, kidney issues, hypertension"
injury to the shoulder,ibuprofen,acetaminophen,corticosteroid injection,"stomach pain, nausea, GI bleeding, kidney issues, hypertension, liver damage (overdose), nausea, rash, local atrophy, pain flare, infection risk, skin depigmentation"
poisoning due to antidepressants,sodium bicarbonate,activated charcoal,,"alkalosis, fluid overload, hypokalemia, constipation, aspiration risk, black stools"
infection of open wound,cephalexin,amoxicillin-clavulanate,clindamycin,"diarrhea, nausea, rash, C. diff risk, diarrhea, nausea, rash, yeast infection, diarrhea, C. diff colitis, nausea, rash"
deep vein thrombosis (dvt),heparin,enoxaparin,apixaban,"bleeding, HIT, injection site reactions, osteoporosis, bleeding, injection site bruising, HIT (rare), thrombocytopenia, bleeding, nausea, anemia"
protein deficiency,protein supplementation,nutritional support,,"generally well tolerated, minimal systemic side effects, consult prescriber for side effects"
myoclonus,clonazepam,valproate,levetiracetam,"drowsiness, dizziness, dependence, memory problems, weight gain, hair loss, tremor, liver toxicity, teratogenicity, drowsiness, irritability, headache, infection risk"
bone spur of the calcaneous,ibuprofen,corticosteroid injection,,"stomach pain, nausea, GI bleeding, kidney issues, hypertension, local atrophy, pain flare, infection risk, skin depigmentation"
von willebrand disease,desmopressin (DDAVP),von Willebrand factor concentrate,,"hyponatremia, headache, nausea, fluid retention, consult prescriber for side effects"
open wound of the back,cephalexin,amoxicillin-clavulanate,wound care,"diarrhea, nausea, rash, C. diff risk, diarrhea, nausea, rash, yeast infection, generally well tolerated, minimal systemic side effects"
heart block,atropine,isoproterenol,pacemaker therapy,"dry mouth, tachycardia, urinary retention, blurred vision, tachycardia, arrhythmia, angina, tremor, generally well tolerated, minimal systemic side effects"
colonic polyp,aspirin (preventive),observation,,"GI bleeding, stomach upset, bruising, generally well tolerated, minimal systemic side effects"
magnesium deficiency,magnesium oxide,magnesium sulfate IV,,"diarrhea, nausea, hypermagnesemia (renal impairment), flushing, nausea, respiratory depression, loss of reflexes"
female infertility of unknown cause,clomiphene,letrozole,gonadotropins,"hot flashes, mood swings, visual disturbances, multiple gestation, hot flashes, joint pain, osteoporosis, fatigue, consult prescriber for side effects"
pericarditis,aspirin,ibuprofen,colchicine,"GI bleeding, stomach upset, tinnitus, bruising, stomach pain, nausea, GI bleeding, kidney issues, hypertension, diarrhea, nausea, vomiting, muscle weakness"
attention deficit hyperactivity disorder (adhd),methylphenidate,amphetamine,atomoxetine,"insomnia, decreased appetite, tachycardia, anxiety, insomnia, decreased appetite, hypertension, cardiac effects, decreased appetite, insomnia, tachycardia, liver toxicity"
pulmonic valve disease,furosemide,surgical repair,,"electrolyte imbalance, dehydration, low potassium, dizziness, post-operative pain, infection risk, bleeding, anesthesia risks"
tietze syndrome,ibuprofen,naproxen,corticosteroid injection,"stomach pain, nausea, GI bleeding, kidney issues, hypertension, GI upset, stomach ulcers, kidney effects, hypertension, local atrophy, pain flare, infection risk, skin depigmentation"
cranial nerve palsy,prednisone,vitamin B12,,"weight gain, hyperglycemia, osteoporosis, insomnia, mood changes, consult prescriber for side effects"
injury to the arm,ibuprofen,acetaminophen,opioids (severe),"stomach pain, nausea, GI bleeding, kidney issues, hypertension, liver damage (overdose), nausea, rash, consult prescriber for side effects"
conversion disorder,SSRIs (sertraline),psychotherapy,,"nausea, insomnia, diarrhea, dry mouth, sexual dysfunction, generally well tolerated, minimal systemic side effects"
complex regional pain syndrome,gabapentin,duloxetine,corticosteroids,"drowsiness, dizziness, weight gain, edema, ataxia, nausea, dry mouth, insomnia, dizziness, sweating, hyperglycemia, weight gain, osteoporosis, immunosuppression"
otosclerosis,sodium fluoride,surgical (stapedectomy),,"nausea, GI upset, dental fluorosis (excess), post-operative pain, infection risk, bleeding, anesthesia risks"
injury to the trunk,ibuprofen,morphine (severe),IV fluids,"stomach pain, nausea, GI bleeding, kidney issues, hypertension, constipation, nausea, sedation, respiratory depression, dependence, fluid overload, electrolyte imbalance, phlebitis"
hypothyroidism,levothyroxine,,,"palpitations, insomnia, weight loss, anxiety (if overdosed)"
primary insomnia,zolpidem,eszopiclone,melatonin,"drowsiness, dizziness, sleepwalking, dependence, drowsiness, unpleasant taste, dizziness, dependence, drowsiness, headache, dizziness, nausea"
lice,permethrin,malathion,ivermectin,"scalp irritation, tingling, rash (topical), scalp irritation, chemical odor, flammability risk, Mazzotti reaction, dizziness, nausea"
vitamin b12 deficiency,cyanocobalamin (B12) injections,oral supplements,,"injection site pain, allergic reaction (rare), acne, generally well tolerated, minimal systemic side effects"
diabetes,metformin,insulin,liraglutide,"nausea, diarrhea, lactic acidosis (rare), vitamin B12 deficiency, hypoglycemia, weight gain, injection site reactions, nausea, diarrhea, vomiting, pancreatitis risk"
vulvodynia,lidocaine (topical),amitriptyline,gabapentin,"dizziness, confusion, seizures, arrhythmia, dry mouth, constipation, urinary retention, weight gain, sedation, drowsiness, dizziness, weight gain, edema, ataxia"
endometriosis,leuprolide,norethindrone,dienogest,"hot flashes, decreased libido, osteoporosis, injection site pain, irregular bleeding, nausea, breast tenderness, mood changes, irregular bleeding, headache, depression, weight gain"
vasculitis,prednisone,cyclophosphamide,azathioprine,"weight gain, hyperglycemia, osteoporosis, insomnia, mood changes, hemorrhagic cystitis, bone marrow suppression, nausea, alopecia, bone marrow suppression, nausea, liver toxicity, infection risk"
concussion,acetaminophen,ibuprofen,rest,"liver damage (overdose), nausea, rash, stomach pain, nausea, GI bleeding, kidney issues, hypertension, generally well tolerated, minimal systemic side effects"
oral leukoplakia,tretinoin (retinoids),bleomycin,,"skin irritation, dryness, photosensitivity, consult prescriber for side effects"
chronic kidney disease,lisinopril,furosemide,erythropoietin,"cough, hyperkalemia, hypotension, angioedema, electrolyte imbalance, dehydration, low potassium, dizziness, hypertension, thrombosis, headache, flu-like symptoms"
bladder disorder,oxybutynin,tolterodine,mirabegron,"dry mouth, constipation, blurred vision, urinary retention, dry mouth, constipation, blurred vision, urinary retention, hypertension, urinary tract infection, tachycardia, headache"
chorioretinitis,pyrimethamine + sulfadiazine,clindamycin,,"bone marrow suppression, rash, GI upset, folate deficiency, diarrhea, C. diff colitis, nausea, rash"
priapism,phenylephrine injection,terbutaline,,"hypertension, reflex bradycardia, tissue necrosis, tremor, tachycardia, hypokalemia, nervousness"
myositis,prednisone,methotrexate,azathioprine,"weight gain, hyperglycemia, osteoporosis, insomnia, mood changes, nausea, liver toxicity, mouth sores, bone marrow suppression, bone marrow suppression, nausea, liver toxicity, infection risk"
mononucleosis,acetaminophen,ibuprofen,supportive care,"liver damage (overdose), nausea, rash, stomach pain, nausea, GI bleeding, kidney issues, hypertension, no significant side effects"
neuralgia,gabapentin,carbamazepine,amitriptyline,"drowsiness, dizziness, weight gain, edema, ataxia, dizziness, diplopia, rash, hyponatremia, liver toxicity, dry mouth, constipation, urinary retention, weight gain, sedation"
polycystic kidney disease,tolvaptan,lisinopril,statins,"thirst, polyuria, liver toxicity, hypernatremia, cough, hyperkalemia, hypotension, angioedema, muscle pain, liver enzyme elevation, headache, nausea"
bipolar disorder,lithium,valproate,quetiapine,"tremor, polyuria, weight gain, thyroid dysfunction, toxicity risk, weight gain, hair loss, tremor, liver toxicity, teratogenicity, sedation, weight gain, dry mouth, metabolic effects"
amyloidosis,melphalan,dexamethasone,daratumumab,"consult prescriber for side effects, hyperglycemia, insomnia, weight gain, immunosuppression, consult prescriber for side effects"
chronic inflammatory demyelinating polyneuropathy (cidp),IVIG,prednisone,plasma exchange,"headache, fever, myalgia, aseptic meningitis, hemolysis, weight gain, hyperglycemia, osteoporosis, insomnia, mood changes, hypocalcemia, infection risk, bleeding, allergic reactions"
gastroesophageal reflux disease (gerd),omeprazole,esomeprazole,ranitidine,"headache, diarrhea, nausea, abdominal pain, low magnesium, headache, diarrhea, nausea, abdominal pain, headache, dizziness, constipation, diarrhea"
vitreous hemorrhage,ranibizumab (anti-VEGF),observation,,"consult prescriber for side effects, generally well tolerated, minimal systemic side effects"
poisoning due to antimicrobial drugs,supportive care,activated charcoal,,"no significant side effects, constipation, aspiration risk, black stools"
open wound of the mouth,amoxicillin,metronidazole,wound care,"diarrhea, nausea, rash, allergic reaction, metallic taste, nausea, headache, dizziness, generally well tolerated, minimal systemic side effects"
scleroderma,methotrexate,mycophenolate,bosentan,"nausea, liver toxicity, mouth sores, bone marrow suppression, GI upset, diarrhea, bone marrow suppression, infection risk, liver toxicity, anemia, fluid retention, teratogenicity"
myasthenia gravis,pyridostigmine,prednisone,azathioprine,"cholinergic excess, nausea, diarrhea, bradycardia, sweating, weight gain, hyperglycemia, osteoporosis, insomnia, mood changes, bone marrow suppression, nausea, liver toxicity, infection risk"
hypoglycemia,glucose (oral/IV),glucagon,,"hyperglycemia, phlebitis (IV), fluid overload, nausea, vomiting, hypokalemia"
idiopathic absence of menstruation,combined oral contraceptives,progesterone,,"nausea, breast tenderness, blood clots, headache, drowsiness, dizziness, breast tenderness, bloating"
dislocation of the ankle,ibuprofen,acetaminophen,reduction,"stomach pain, nausea, GI bleeding, kidney issues, hypertension, liver damage (overdose), nausea, rash, post-operative pain, infection risk, bleeding, anesthesia risks"
carbon monoxide poisoning,100% oxygen therapy,hyperbaric oxygen,,"oxygen toxicity (high concentration), dry mucous membranes, consult prescriber for side effects"
panic attack,lorazepam,alprazolam,propranolol,"drowsiness, dependence, memory impairment, respiratory depression, drowsiness, dizziness, dependence, memory problems, fatigue, fatigue, bradycardia, cold extremities, bronchospasm"
plantar fasciitis,ibuprofen,naproxen,corticosteroid injection,"stomach pain, nausea, GI bleeding, kidney issues, hypertension, GI upset, stomach ulcers, kidney effects, hypertension, local atrophy, pain flare, infection risk, skin depigmentation"
hyperopia,corrective lenses,no medication required,,"generally well tolerated, minimal systemic side effects, not applicable"
poisoning due to sedatives,flumazenil,naloxone,supportive care,"benzodiazepine withdrawal, seizures, dizziness, opioid withdrawal symptoms, agitation, tachycardia, no significant side effects"
pemphigus,prednisone,rituximab,azathioprine,"weight gain, hyperglycemia, osteoporosis, insomnia, mood changes, infusion reactions, infection risk, PML risk, hypogammaglobulinemia, bone marrow suppression, nausea, liver toxicity, infection risk"
peyronie disease,collagenase (Xiaflex),verapamil injection,,"injection site reactions, swelling, bruising, skin tears, constipation, bradycardia, hypotension, edema"
hiatal hernia,omeprazole,metoclopramide,antacids,"headache, diarrhea, nausea, abdominal pain, low magnesium, tardive dyskinesia, drowsiness, extrapyramidal effects, diarrhea, consult prescriber for side effects"
extrapyramidal effect of drugs,benztropine,diphenhydramine,biperiden,"dry mouth, urinary retention, constipation, confusion, drowsiness, dry mouth, urinary retention, confusion, dry mouth, constipation, blurred vision, urinary retention"
meniere disease,betahistine,diazepam,hydrochlorothiazide,"nausea, headache, GI upset, rash, drowsiness, dizziness, dependence, memory issues, low potassium, hyperglycemia, gout, dizziness"
anal fissure,topical nitroglycerin,nifedipine cream,botulinum toxin,"headache, hypotension, flushing, dizziness, flushing, edema, headache, reflex tachycardia, injection site pain, weakness, flu-like symptoms, ptosis"
allergy,loratadine,cetirizine,fexofenadine,"headache, dry mouth, fatigue, drowsiness, dry mouth, headache, headache, nausea, dizziness"
chronic otitis media,ciprofloxacin ear drops,amoxicillin-clavulanate,,"tendon rupture, nausea, diarrhea, QT prolongation, photosensitivity, diarrhea, nausea, rash, yeast infection"
fracture of the finger,ibuprofen,acetaminophen,splinting,"stomach pain, nausea, GI bleeding, kidney issues, hypertension, liver damage (overdose), nausea, rash, generally well tolerated, minimal systemic side effects"
hirschsprung disease,bowel prep,surgical resection,,"nausea, vomiting, electrolyte imbalance, bloating, post-operative pain, infection risk, bleeding, anesthesia risks"
polymyalgia rheumatica,prednisone,,,"weight gain, hyperglycemia, osteoporosis, insomnia, mood changes"
lymphedema,compression therapy,no specific medications,,"generally well tolerated, minimal systemic side effects, not applicable"
bladder cancer,gemcitabine,cisplatin,BCG (intravesical),"flu-like symptoms, bone marrow suppression, nausea, nephrotoxicity, nausea, ototoxicity, neuropathy, urinary symptoms, flu-like symptoms, systemic BCG infection (rare)"
acute bronchospasm,albuterol (inhaled),ipratropium,epinephrine,"tremor, tachycardia, headache, hypokalemia, dry mouth, urinary retention, constipation, palpitations, hypertension, anxiety, tremor"
acute glaucoma,timolol,acetazolamide,pilocarpine,"bradycardia, bronchospasm, fatigue, depression, metabolic acidosis, kidney stones, paresthesia, fatigue, sweating, nausea, flushing, urinary frequency"
open wound of the chest,antibiotics,morphine (pain management),,"consult prescriber for side effects, constipation, nausea, sedation, respiratory depression, dependence"
dislocation of the patella,ibuprofen,reduction procedure,,"stomach pain, nausea, GI bleeding, kidney issues, hypertension, post-operative pain, infection risk, bleeding, anesthesia risks"
sciatica,ibuprofen,naproxen,gabapentin,"stomach pain, nausea, GI bleeding, kidney issues, hypertension, GI upset, stomach ulcers, kidney effects, hypertension, drowsiness, dizziness, weight gain, edema, ataxia"
hypercalcemia,IV saline,furosemide,bisphosphonates,"consult prescriber for side effects, electrolyte imbalance, dehydration, low potassium, dizziness, esophageal irritation, jaw necrosis, atypical fractures, bone pain"
stress incontinence,duloxetine,topical estrogen,pelvic floor therapy,"nausea, dry mouth, insomnia, dizziness, sweating, breast tenderness, vaginal discharge, headache, generally well tolerated, minimal systemic side effects"
varicose veins,diosmin,horse chestnut extract,compression therapy,"GI upset, headache, rash, dizziness, GI upset, headache, dizziness, pruritus, generally well tolerated, minimal systemic side effects"
benign kidney cyst,analgesics,observation,,"consult prescriber for side effects, generally well tolerated, minimal systemic side effects"
hydrocele of the testicle,supportive care,surgical repair if needed,,"no significant side effects, post-operative pain, infection risk, bleeding, anesthesia risks"
degenerative disc disease,ibuprofen,naproxen,gabapentin,"stomach pain, nausea, GI bleeding, kidney issues, hypertension, GI upset, stomach ulcers, kidney effects, hypertension, drowsiness, dizziness, weight gain, edema, ataxia"
hirsutism,spironolactone,oral contraceptives,metformin,"hyperkalemia, breast tenderness, dizziness, menstrual irregularity, nausea, breast tenderness, blood clots, headache, nausea, diarrhea, lactic acidosis (rare), vitamin B12 deficiency"
dislocation of the foot,ibuprofen,reduction,,"stomach pain, nausea, GI bleeding, kidney issues, hypertension, post-operative pain, infection risk, bleeding, anesthesia risks"
hydronephrosis,tamsulosin,antibiotics (if infected),,"retrograde ejaculation, dizziness, orthostatic hypotension, consult prescriber for side effects"
diverticulosis,fiber supplements,rifaximin,mesalamine,"bloating, gas, bowel obstruction (inadequate fluid), cramping, nausea, flatulence, headache, dizziness, GI upset, headache, rash, kidney toxicity (rare)"
pain after an operation,acetaminophen,ibuprofen,opioids,"liver damage (overdose), nausea, rash, stomach pain, nausea, GI bleeding, kidney issues, hypertension, consult prescriber for side effects"
huntington disease,tetrabenazine,haloperidol,fluoxetine,"drowsiness, depression, akathisia, parkinsonism, extrapyramidal effects, tardive dyskinesia, sedation, QT prolongation, insomnia, nausea, anxiety, sexual dysfunction, headache"
lymphoma,cyclophosphamide,doxorubicin,rituximab,"hemorrhagic cystitis, bone marrow suppression, nausea, alopecia, cardiotoxicity, bone marrow suppression, alopecia, nausea, infusion reactions, infection risk, PML risk, hypogammaglobulinemia"
dermatitis due to sun exposure,hydrocortisone cream,aloe vera,antihistamines,"hyperglycemia, fluid retention, immunosuppression, weight gain, skin irritation (topical), diarrhea, cramping (oral), drowsiness, dry mouth, urinary retention, blurred vision"
anemia due to chronic kidney disease,erythropoietin,iron supplements,darbepoetin,"hypertension, thrombosis, headache, flu-like symptoms, constipation, nausea, dark stools, stomach pain, consult prescriber for side effects"
injury to internal organ,morphine,IV fluids,surgical intervention,"constipation, nausea, sedation, respiratory depression, dependence, fluid overload, electrolyte imbalance, phlebitis, post-operative pain, infection risk, bleeding, anesthesia risks"
scleritis,ibuprofen,prednisone,celecoxib,"stomach pain, nausea, GI bleeding, kidney issues, hypertension, weight gain, hyperglycemia, osteoporosis, insomnia, mood changes, cardiovascular risk, GI upset, hypertension, kidney effects"
pterygium,lubricating eye drops,surgical removal if severe,,"consult prescriber for side effects, post-operative pain, infection risk, bleeding, anesthesia risks"
fungal infection of the skin,clotrimazole,terbinafine,fluconazole,"skin irritation, burning, rash (topical), GI upset, liver toxicity, taste disturbance, rash, nausea, headache, liver toxicity, QT prolongation"
insulin overdose,glucose (oral/IV),glucagon,,"hyperglycemia, phlebitis (IV), fluid overload, nausea, vomiting, hypokalemia"
syndrome of inappropriate secretion of adh (siadh),fluid restriction,tolvaptan,demeclocycline,"generally well tolerated, minimal systemic side effects, thirst, polyuria, liver toxicity, hypernatremia, photosensitivity, nephrogenic DI, GI upset, diarrhea"
foreign body in the ear,removal procedure,antibiotics if infected,,"post-operative pain, infection risk, bleeding, anesthesia risks, consult prescriber for side effects"
premenstrual tension syndrome,NSAIDs,sertraline,oral contraceptives,"consult prescriber for side effects, nausea, insomnia, diarrhea, dry mouth, sexual dysfunction, nausea, breast tenderness, blood clots, headache"
orbital cellulitis,vancomycin,ceftriaxone,metronidazole,"red man syndrome, kidney toxicity, ototoxicity, phlebitis, diarrhea, rash, injection site pain, C. diff risk, metallic taste, nausea, headache, dizziness"
injury to the leg,ibuprofen,acetaminophen,opioids (severe),"stomach pain, nausea, GI bleeding, kidney issues, hypertension, liver damage (overdose), nausea, rash, consult prescriber for side effects"
hepatic encephalopathy,lactulose,rifaximin,,"bloating, gas, diarrhea, cramping, nausea, flatulence, headache, dizziness"
bone cancer,doxorubicin,cisplatin,methotrexate,"cardiotoxicity, bone marrow suppression, alopecia, nausea, nephrotoxicity, nausea, ototoxicity, neuropathy, nausea, liver toxicity, mouth sores, bone marrow suppression"
syringomyelia,gabapentin,surgical intervention,,"drowsiness, dizziness, weight gain, edema, ataxia, post-operative pain, infection risk, bleeding, anesthesia risks"
pulmonary fibrosis,pirfenidone,nintedanib,,"photosensitivity, GI upset, fatigue, rash, diarrhea, nausea, liver toxicity, bleeding risk"
mitral valve disease,furosemide,beta-blockers,anticoagulants,"electrolyte imbalance, dehydration, low potassium, dizziness, fatigue, bradycardia, cold extremities, bronchospasm, consult prescriber for side effects"
parkinson disease,levodopa-carbidopa,pramipexole,rasagiline,"dyskinesia, nausea, hypotension, hallucinations, nausea, drowsiness, hallucinations, impulse control disorders, insomnia, nausea, hallucinations, orthostatic hypotension"
gout,colchicine,indomethacin,allopurinol,"diarrhea, nausea, vomiting, muscle weakness, GI bleeding, kidney toxicity, headache, dizziness, rash, gout flare, liver toxicity, hypersensitivity"
otitis media,amoxicillin,amoxicillin-clavulanate,,"diarrhea, nausea, rash, allergic reaction, diarrhea, nausea, rash, yeast infection"
drug abuse (opioids),methadone,buprenorphine,naltrexone,"constipation, sweating, QT prolongation, sedation, dependence, nausea, constipation, headache, sweating, dependence, nausea, abdominal pain, hepatotoxicity, insomnia"
myelodysplastic syndrome,azacitidine,lenalidomide,erythropoietin,"consult prescriber for side effects, consult prescriber for side effects, hypertension, thrombosis, headache, flu-like symptoms"
fracture of the shoulder,ibuprofen,acetaminophen,opioids (severe),"stomach pain, nausea, GI bleeding, kidney issues, hypertension, liver damage (overdose), nausea, rash, consult prescriber for side effects"
acute kidney injury,IV fluids,furosemide,treat underlying cause,"fluid overload, electrolyte imbalance, phlebitis, electrolyte imbalance, dehydration, low potassium, dizziness, consult prescriber for side effects"
threatened pregnancy,progesterone,bed rest,,"drowsiness, dizziness, breast tenderness, bloating, generally well tolerated, minimal systemic side effects"
intracranial abscess,ceftriaxone,metronidazole,vancomycin,"diarrhea, rash, injection site pain, C. diff risk, metallic taste, nausea, headache, dizziness, red man syndrome, kidney toxicity, ototoxicity, phlebitis"
gum disease,amoxicillin,metronidazole,chlorhexidine mouthwash,"diarrhea, nausea, rash, allergic reaction, metallic taste, nausea, headache, dizziness, tooth staining, altered taste, oral irritation"
open wound from surgical incision,cephalexin,amoxicillin-clavulanate,wound care,"diarrhea, nausea, rash, C. diff risk, diarrhea, nausea, rash, yeast infection, generally well tolerated, minimal systemic side effects"
gastrointestinal hemorrhage,omeprazole (IV),octreotide,tranexamic acid,"headache, diarrhea, nausea, abdominal pain, low magnesium, GI upset, gallstones, bradycardia, hyperglycemia, nausea, diarrhea, headache, thrombosis risk"
seborrheic dermatitis,ketoconazole shampoo,selenium sulfide,hydrocortisone,"consult prescriber for side effects, scalp irritation, hair discoloration, dryness, hyperglycemia, fluid retention, immunosuppression, weight gain"
drug abuse (methamphetamine),bupropion,mirtazapine,supportive care,"insomnia, dry mouth, seizure risk, agitation, headache, weight gain, sedation, dry mouth, increased appetite, no significant side effects"
torticollis,botulinum toxin,diazepam,baclofen,"injection site pain, weakness, flu-like symptoms, ptosis, drowsiness, dizziness, dependence, memory issues, drowsiness, dizziness, weakness, fatigue"
poisoning due to antihypertensives,IV fluids,dopamine,calcium gluconate,"fluid overload, electrolyte imbalance, phlebitis, arrhythmia, hypertension, nausea, tissue necrosis, bradycardia, hypercalcemia, constipation"
tension headache,ibuprofen,acetaminophen,aspirin,"stomach pain, nausea, GI bleeding, kidney issues, hypertension, liver damage (overdose), nausea, rash, GI bleeding, stomach upset, tinnitus, bruising"
alcohol intoxication,thiamine,IV fluids,supportive care,"rarely nausea, allergic reaction (IV), fluid overload, electrolyte imbalance, phlebitis, no significant side effects"
scurvy,vitamin C (ascorbic acid) supplementation,,,"GI upset, kidney stones (high doses), diarrhea"
narcolepsy,modafinil,sodium oxybate,methylphenidate,"headache, nausea, insomnia, anxiety, nausea, dizziness, headache, confusion, dependence, insomnia, decreased appetite, tachycardia, anxiety"
food allergy,epinephrine (anaphylaxis),antihistamines,corticosteroids,"palpitations, hypertension, anxiety, tremor, drowsiness, dry mouth, urinary retention, blurred vision, hyperglycemia, weight gain, osteoporosis, immunosuppression"
labyrinthitis,prednisone,diazepam,meclizine,"weight gain, hyperglycemia, osteoporosis, insomnia, mood changes, drowsiness, dizziness, dependence, memory issues, drowsiness, dry mouth, blurred vision"
